id,text,heuristic_label,manual_label,confidence,notes
141,"HCM electrophysiological remodelling includes both increased inward and reduced outward currents, but their role in promoting repolarisation abnormalities remains unknown.",not_associated,,,
58,"In models adjusted for clinical risk factors of heart failure, 2 biomarkers were significantly associated with incident HFpEF: UACR (hazard ratio [HR], 1.33; 95% CI, 1.20-1.48; P < .001) and natriuretic peptides (HR, 1.27; 95% CI, 1.16-1.40; P < .001), with suggestive associations for high-sensitivity troponin (HR, 1.11; 95% CI, 1.03-1.19; P = .008), plasminogen activator inhibitor 1 (HR, 1.22; 95% CI, 1.03-1.45; P = .02), and fibrinogen (HR, 1.12; 95% CI, 1.03-1.22; P = .01).",associated,,,
60,Propranolol made negative T waves deeper at rest and inhibited the reversal of negative T waves caused by exercise.,associated,,,
82,Amiodarone treatment (loading dose 30 g given over 6 weeks; maintenance dose 400 mg/day) was prospectively evaluated in 50 patients with HC in whom the drug was initiated because of symptoms refractory to conventional drug therapy (calcium antagonists and beta blockers).,associated,,,
76,"Reasons for referral changed over time, with increased awareness of right ventricular hypertrophy (9% in T1 vs. 36% in T2) and unexplained heart failure with preserved ejection fraction (22% in T1 vs. 38% in T2).",associated,,,
127,"SARS-CoV-2 RNA was only detected in nasal swab, nasal turbinates, and mesenteric lymph node, but no evidence of histopathological lesions compatible with a viral infection were detected.",not_associated,,,
288,Data were obtained from 63 domestic cats allocated in a Control (n = 40) and an HCM (n = 23) group.,incidental,,,
289,"A retrospective analysis of indices of LV diastolic function was performed in 1,510 healthy athletes (mean age, 22 ± 5 years; range, 13-33 years; 72% men).",incidental,,,
221,We investigated the effects of PTSMA on PSS in HOCM patients using speckle tracking imaging.,incidental,,,
281,"We evaluated QT dispersion (QTd), which reflects regional differences in ventricular repolarization, in HCM patient and controls among the three different ACE genotypes.",incidental,,,
210,"BACKGROUND: Type 2 diabetes is associated with an increased risk of heart failure with a preserved ejection fraction (HFpEF), but it is not clear whether this metabolic disorder is causal or represents a modifiable risk factor.",incidental,,,
189,"No significant differences were observed in total-carnitine, free-carnitine, and acylcarnitine concentrations between the groups.",not_associated,,,
123,"However, there were no differences in either parameter between Groups A and B.",not_associated,,,
235,This study aimed to explore the early diagnosis of abnormal left ventricular systolic function of rare pathogenic titin (TTN) mutation gene carriers in familial hypertrophic cardiomyopathy (FHCM) by three-dimensional speckle tracking echocardiography (3D-STE) combined with gene detection.,incidental,,,
240,"As global indexes of fatty acid metabolism, we calculated two parameters; 1) Uptake Ratio (%Uptake of 123I-BMIPP normalized by myocardial perfusion) and 2) WOR (percent reduction of myocardial 123I-BMIPP within 3 hours).",incidental,,,
248,"In total, 378 HCM patients were included of whom 141 carried a mutation (global yield 37%), 181 were mutation negative and 56 only carried a variant of unknown significance.",incidental,,,
158,Exercise Tc-99m-tetrofosmin myocardial scintigraphy was performed in 59 HCM patients and 39 controls who had no evidence of cardiac disease.,not_associated,,,
89,"We used obese ZSF-1 leptin-receptor knockout rats (heart failure with preserved ejection fraction model), obese ZSF-1 rats treated with SU5416 to stimulate resting pulmonary hypertension (obese+sugen, CpcPH model), and lean ZSF-1 rats (controls).",associated,,,
16,"The objective of this study was to evaluate the association of FT3/FT4 ratio and TH with clinical, analytical, and echocardiographic parameters, as well as their prognostic impact in individuals with stable HFpEF.",associated,,,
17,"After adjustment for multivariates, TyG index levels for T2 (OR: 1.33; 95% CI: 1.16-1.52) and T3 (OR: 1.52; 95% CI: 1.32-1.74) were associated with increased OR in HFpEF.",associated,,,
254,BACKGROUND: Obesity and diabetes mellitus are important metabolic risk factors and frequent comorbidities in heart failure with preserved ejection fraction.,incidental,,,
84,To date patient-specific induced pluripotent stem cell-derived cardiomyocytes are supposed to be a useful tool for studying HCM molecular mechanisms and to help find new approaches to HCM therapy.,associated,,,
173,Estimated LA pressure by echo and the LV end-diastolic pressure (LVEDP) or the LV pre-A pressure did not correlate.,not_associated,,,
185,"Atrial and brain natriuretic peptide plasma levels did not correlate with left ventricular ejection fraction, but correlated with left ventricular outflow tract gradient (r=0.35;P<0.05; and r=0.40, P=0.022, respectively) and left atrial fractional shortening (r=-0.57;P<0.001, and r=-0.35;P<0.05, respectively).",not_associated,,,
143,"No significant difference in survival was identified between the intermediate dosage group and the standard dosage group (HR 0·44 [0·13-1·51], p=0·19).",not_associated,,,
203,METHODS: This retrospective study included 320 elderly patients hospitalized at the Air Force Medical Center from October 2016 to April 2019 due to HFpEF.,incidental,,,
296,Patients enrolled in the PARAGON-HF (Prospective Comparison of Angiotensin Receptor-Neprilysin Inhibitor With Angiotensin-Receptor Blockers Global Outcomes in Heart Failure With Preserved Ejection Fraction) echocardiographic substudy were included.,incidental,,,
291,This study aimed to report a case of hypertrophic obstructive cardiomyopathy causing an illusion of aortic stenosis on imaging.,incidental,,,
256,"BACKGROUND: About half of heart failure (HF) patients, while having preserved left ventricular function, suffer from diastolic dysfunction (so-called HFpEF).",incidental,,,
274,We performed a retrospective study that included 69 patients with HOCM who underwent ventricular septal surgery.,incidental,,,
131,There was no difference between observed myectomy mortality and STS Calculator predicted risk for AVR and MV repair.,not_associated,,,
44,Methods and Results The authors created a novel HFpEF model combining leptin receptor-deficient,associated,,,
116,There were no significant differences in R-wave amplitude at implantation among the 3 groups.,not_associated,,,
238,We investigated the disease mechanism for HCM myosin mutation R249Q by expressing it in the indirect flight muscle of Drosophila melanogaster and measuring alterations to muscle and flight performance.,incidental,,,
177,"There was no significant difference in percentage of Holter recordings with nsVT with respect to sex, amount of alcohol used during ASA, peak creatine phosphokinase level, and gradient reduction at rest.",not_associated,,,
72,"Our findings implicate hypercontractility as a direct consequence of thick-filament mutations, irrespective of mutation localization, and the p53 pathway as a molecular marker of contraction stress and candidate therapeutic target for HCM patients.",associated,,,
37,The review analyzes literature data on the phenomenon of chronic heart failure as a clinical syndrome of hypoperfusion of organs and systems of the body due to multiple causes of pumping inadequacy of the circulatory system.,associated,,,
243,Septal wall tissue samples were obtained from HCM patients undergoing myectomy (n = 18) and donor controls (n = 8).,incidental,,,
194,Two-thirds of HCM patients who develop pulmonary congestion on exercise had no evidence of B-lines at rest.,not_associated,,,
292,This study compared the economic impact of HFpEF in patients with and without ATTR-CA in Spain.,incidental,,,
13,The objective of this study was to perform a proof-of-concept experiment that validates a precision medicine approach to identify variants associated with hypertrophic cardiomyopathy (HCM).,associated,,,
259,OBJECTIVE: Heart failure with preserved ejection fraction (HFpEF) is a prevalent and clinically significant condition characterized by limited treatment options.,incidental,,,
124,"There was no difference in age-adjusted survival among patients with normal oximetry compared with those with mild SDB (hazard ratio: 0.98; 95% CI: 0.45 to 2.17), and severe SDB (hazard ratio: 1.06, 95% CI 0.42 - 2.71).",not_associated,,,
276,"Our aim was to assess the effect of suddenly imposed isovolumic afterload on relaxation and EDP, exploiting a highly controlled P-V experimental evaluation setup in the ZSF1 obese rat (ZSF1 Ob) model of HFpEF.",incidental,,,
219,"Seventy-eight patients with HFpEF treated in our hospital from October 2017 to April 2018 were randomized into a treatment group (Entresto 50 mg + basic treatment,",incidental,,,
74,"Therefore, a single marker of high risk for sudden death may be sufficient to justify consideration for prophylactic defibrillator implantation in selected patients with HCM.",associated,,,
57,Disease was presumably caused by the substitution of cytosine by guanine at nucleotide 269 of MYBPC3 mRNA.,associated,,,
139,"There was no difference in early (<30 days) deaths (0/33 vs 1/87, P > 0.999) and mid-term survival between patients with latent obstruction and resting obstruction.",not_associated,,,
154,"Integral of D correlated with D (p < 0.05), but integral of S did not correlate with S, and the degree of change in integral of S or S was much less than that in integral of D or D.",not_associated,,,
216,Data were analyzed between March and December 2022.,incidental,,,
186,"In patients with hypertrophic cardiomyopathy, no correlation existed between left atrial and left ventricular diastolic function indexes (r = -0.26 to 0.33).",not_associated,,,
156,"There were significant differences in Gal-3 levels between NYHA classes, but no correlations between Gal-3 levels and other parameters were found.",not_associated,,,
175,Whether current proposed biomarkers of myocardial fibrosis (BMFs) actually reflect the changes in fibrous characteristics of myocardial tissue remains unclear.,not_associated,,,
293,This study sought to determine factors predicting appropriate implantable cardioverter defibrillator (ICD) therapy in a large cohort of patients with hypertrophic cardiomyopathy (HCM).,incidental,,,
215,Sixty-three patients with HCM and 20 healthy subjects were included in the study.,incidental,,,
278,"BACKGROUND: The metabolic score for insulin resistance (METS-IR) has been validated as a novel, simple, and reliable surrogate marker for insulin resistance; however, its utility for evaluating the prognosis of heart failure with preserved ejection fraction (HFpEF) remains to be elucidated.",incidental,,,
120,The widest QRS was not associated with the smallest gradient in all patients.,not_associated,,,
300,"Peripheral blood samples were collected from 40 members from a family affected with FHC, and 120 healthy volunteers.",incidental,,,
22,"In conclusion, SAA could attenuate cardiac inflammation and cardiac disfunction by TLR/Myd88/TRAF/NF-κB and p38MAPK/CREB signaling pathways in HFpEF mice, which provides evidence for SAA as a potential drug for treatment of HFpEF in clinic.",associated,,,
244,"""Paulus WJ, 2013, J Am Coll Cardiol"" was the top local cited document within the local HFpEF literature collection, while ""Owan TE, 2006, New Engl J Med"" outside the local HFpEF literature collection was the most local cited reference.",incidental,,,
182,There was no correlation of degree of left atrial dilatation with clinical and hemodynamic variables.,not_associated,,,
115,No differences in maximal left ventricular outflow tract velocity between head-up tilt and nitrate application in supine position (3.5 +/- 1.4 m/s) were present.,not_associated,,,
225,This study included 288 cases of 20- to 45-year-old adults who died suddenly of a cardiac cause and whose forensic autopsy was performed in the North Branch of the National Institute of Legal Medicine and Forensic Sciences between 2007 and 2012.,incidental,,,
165,"However, the prevalence of LGE in children and adolescents with HCM is not well established.",not_associated,,,
47,"In addition to its relationship with hypertension in HFpEF, obesity is also strongly associated with insulin resistance (IR) and type 2 diabetes (T2D).",associated,,,
205,"We conducted a search in the records of cardiac magnetic resonance imaging (MRI) performed in our institution between 2016-2019 looking for patients with a diagnosis of EF; sociodemographic, clinical and imaging characteristics were described.",incidental,,,
280,"The peripheral venous blood samples were collected from 5 HCM families without consanguinity, including 5 probands, 2 males and 3 females, 28 sporadic HCM patients, 18 males and 10 females, and 80 healthy controls.",incidental,,,
93,"METHODS: OB-NIR MitoNEET and OB-IR wildtype mice were fed a high-fat diet for 16 weeks, at which time HFpEF was induced via uninephrectomy,  RESULTS: OB-NIR HFpEF mice exhibited reduced cardiac fibrosis without changes in hypertrophy.",associated,,,
6,"Sodium-glucose cotransporter-2 inhibitors and nonsteroidal mineralocorticoid receptor antagonists MRAs exhibit prognostic benefits in HFpEF, with post hoc analyses suggesting enhanced efficacy in higher BMI subgroups.",associated,,,
294,This study sought to evaluate a scoring system predicting cardio-cerebral events in HCM patients using cardiopulmonary exercise testing (CPET).,incidental,,,
100,"We report the case of a 35-week part-of-twin neonate, whose older sibling died earlier because of infantile Pompe disease.",associated,,,
50,The addition of AGR to the risk factors significantly improved the net reclassification and integrated discrimination indices in women with HFpEF.,associated,,,
180,"Because relatively decreased heart weight is strongly associated with exertional death, and because a large proportion of exertional deaths with HC are not associated with significant asymmetry, cardiologists should be careful in excluding the diagnosis of HC in athletes with even mild degrees of cardiomegaly, especially young men.",not_associated,,,
151,"However, accuracy of late gadolinium enhancement for predicting microscopic myocardial scarring in biopsied specimens remains unknown in hypertrophic cardiomyopathy.",not_associated,,,
202,We aimed to assess a physician-reported HFpEF management in the Russian Federation (RF) and a variation in the diagnosis and treatment of HFpEF between the RF and the European Union (EU).,incidental,,,
285,"We investigated the effects of nifedipine on left ventricular remodeling, oxidative stress, and gene expression in the failing heart of Dahl salt-sensitive (DS) rats.",incidental,,,
246,Each subject gave written informed consent to participate in this institutional review board-approved prospective study.,incidental,,,
56,"The aim of this study is to investigate the association between cardiometabolic indexes (TG/FBG, TG/HDL-C, and LDL-C/HDL-C) and diastolic dysfunction in T2DM patients with HFpEF.",associated,,,
297,"Routine clinical echocardiographic data were obtained on 34 subjects at the Mayo Clinic (10 normal subjects, 10 patients with amyloid heart disease, 8 patients with hypertrophic cardiomyopathy and 6 patients with left ventricular hypertrophy due to hypertension).",incidental,,,
117,"There were no significant differences in sex, race, clinical presentation or cause of death between the groups, but there were significant morphologic differences.",not_associated,,,
162,"However in patients with HCM, there was no difference in these indices (E and A/E) according to whether the patients were with or without SFW.",not_associated,,,
119,No differences between the 2 groups were found for changes in either magnesium status or echocardiographic parameters.,not_associated,,,
75,"While much attention has focused on classical inflammatory mediators such as interleukin-6 (IL-6) and tumor necrosis factor-α (TNF-α), the full spectrum of upstream inflammatory drivers and the therapeutic strategies targeting inflammation in cardiometabolic HFpEF remain incompletely defined.",associated,,,
23,"Among 1519 patients, we observed acute LV ballooning in 13 (0.9%), associated with dynamic left ventricular outflow tract (LVOT) obstruction and high gradients, 92 ± 37 mm Hg, 10 female (77%), age 64 ± 7 years, LVEF 31.6 ± 10%.",associated,,,
252,The purpose of this study was to determine whether patients with heart failure and a preserved ejection fraction (HFpEF) have an increase in passive myocardial stiffness and the extent to which discovered changes depend on changes in extracellular matrix fibrillar collagen and cardiomyocyte titin.,incidental,,,
15,"We therefore aimed to assess von Willebrand factor (vWF), a marker of endothelial damage, as potential biomarker for risk assessment in patients with HFpEF.",associated,,,
197,phospholamban gene did not show any mutation in these patients.,not_associated,,,
273,This study sought to report on long-term survival after echo-guided alcohol septal ablation (percutaneous transluminal septal myocardial ablation [PTSMA]) in symptomatic patients with HOCM.,incidental,,,
69,Follow-up for 4.8 (2.5) years was 97% complete for the major endpoint of all-cause mortality.,associated,,,
87,In spite of it being a common cause of heart failure it remains underreported in the postoperative heart.,associated,,,
99,"An annual decrease of 1 SD unit in peak LA strain (ΔLASmax) was most strongly associated with the risk of HFpEF [subdistribution hazard ratios (HR) = 2.56, 95% confidence interval (CI) (1.34-4.90), P = 0.004] and improved model reclassification and discrimination in predicting HFpEF [C-statistic = 0.84, 95% CI (0.79-0.90); net reclassification index (NRI) = 0.34, P = 0.01; and integrated discrimination index (IDI) = 0.02, P = 0.02], whilst an annual decrease of 1 mL/m2 of pre-atrial indexed LA volumes (ΔLAVipreA) was most strongly associated with the risk of HFrEF",associated,,,
66,"For the highest HGF tertile compared with lowest, adjusted HRs were 1.59 (95% CI, 1.10-2.31), 1.90 (95% CI, 1.03-3.51), and 1.09 (95% CI, 0.65-1.82) for overall HF, HFpEF, and HFrEF, respectively.",associated,,,
83,"This effect was associated with significant body weight loss, lower HOMA-IR index of insulin resistance, improved dyslipidemia and HFpEF, but semaglutide only reduced hepatic fat content.",associated,,,
107,There was no difference between the time-to-peak-radius-increasing ratio and the time-to-peak-wall-thickness-thinning ratio in the 10 blocks in the control patients.,not_associated,,,
97,"The LAMP 2 gene is located on Xq24, and its mutation causes primary deficiency of LAMP 2 and myocyte hypertrophy by accumulations of vacuoles containing glycogen.",associated,,,
9,"Left ventricular end-diastolic diameter increased from 41.6 to 48.1 mm, associated with a decrease in fractional shortening from 40.6% to 34.0%.",associated,,,
264,We measured LV ejection velocity proximal and distal to LV obstruction as well as tissue Doppler velocities and time intervals.,incidental,,,
43,"There were six patients in whom, after detailed chart review, no underlying cause of LVH was evident.",associated,,,
52,"Approach and Results: Treprostinil treatment was given to mice with mild metabolic syndrome-associated PH-HFpEF induced by high-fat diet and to SU5416/obese ZSF1 rats, a model created by the treatment of rats with a more profound metabolic syndrome due to double leptin receptor defect (obese ZSF1) with a vascular endothelial growth factor receptor blocker SU5416.",associated,,,
25,The 5'-UTR polymorphism on delta-sarcoglycan gene was associated with coronary spasm in Japanese patients with HCM.,associated,,,
283,We aimed to construct a plasma proteomics-based model to predict new-onset AF in patients with HCM and determine dysregulated signalling pathways.,incidental,,,
4,Familial hypertrophic cardiomyopathy (FHC) is caused by missense mutations in the beta cardiac myosin heavy chain (MHC) gene in less than half of affected individuals.,associated,,,
125,"31.5±8.7 ml/mm2, p=0.0009), while there were no differences in the other echocardiographic parameters.LAV/BSA of ≥40.4 ml/m2 to identify patients with cardiovascular complications with a sensitivity of 73% and a specificity of 88%.",not_associated,,,
190,"No differences were observed regarding 30 day mortality, treated and hospitalized acute rejection, and 30 day death from graft failure after HT.",not_associated,,,
231,This cross-sectional study included 108 patients with HCM who underwent 12-lead ECG and cardiac magnetic resonance imaging with late gadolinium enhancement (LGE-CMR).,incidental,,,
199,"There was no significant effect of treatment on indices of diastolic function (difference in the lateral E/e' ratio: -0.86 ± 6.57 in the CoQ10 group, +0.18 ± 3.76 in the placebo group; p = 0.561) or on serum NT-proBNP levels (- 72 pg/mL vs.",not_associated,,,
45,"BACKGROUND: Mineralocorticoid receptor antagonists (MRAs) are established for heart failure with reduced ejection fraction (HFrEF), but their benefits in mildly reduced/preserved EF (HFmrEF/HFpEF) and agent-specific profiles require clarification.",associated,,,
59,Study of 18 hypertrophic cardiomyopathy patients with the mismatched 123I-BMIPP defects found that the severity of the defects correlated with reduced coronary flow reserve determined by the 13N-ammonia PET study.,associated,,,
137,The 120 unrelated healthy individuals did not show this mutation.,not_associated,,,
218,We aimed to explore the prognostic utility of high-sensitivity cardiac troponin I (hs-cTnI) in patients with newly detected AF and concomitant HFpEF.,incidental,,,
201,We aimed to conduct a meta-analysis to evaluate the diagnostic value of HUTT in the evaluation of unexplained syncope in patients with HCM.,incidental,,,
135,Pericardial thickening in patients after cardiac surgery was commonly found by MRI and usually was not associated with clinical signs of constrictive pericarditis.,not_associated,,,
220,This study investigated whether inhibiting late Na(+) current by using ranolazine improved diastolic function in patients with heart failure with preserved ejection fraction (HFpEF).,incidental,,,
5,Generation of patient-specific induced pluripotent stem cells (iPSCs) and their subsequent differentiation into cardiomyocytes opened new opportunities for studying pathogenesis of inherited cardiovascular diseases.,associated,,,
271,This study evaluated the diagnostic role of early diastolic mitral annular velocity (E') by tissue Doppler echocardiography for differentiating constrictive pericarditis from restrictive cardiomyopathy (primary restrictive cardiomyopathy and cardiac amyloidosis).,incidental,,,
49,"However, it caused marked atrioventricular nodal conduction abnormality in 3 patients and heart block or marked HV interval prolongation (to greater than or equal to 100 ms) in 4 patients.",associated,,,
174,The association of atrial fibrillation (AF) with sudden death and the difference in prognostic significance between paroxysmal and non-paroxysmal AF remains unclear in patients with hypertrophic cardiomyopathy (HCM).,not_associated,,,
211,"METHODS: Male C57BL/6J mice were fed a high-fat diet with L-NAME for 8 weeks to induce HFpEF, followed by 4 weeks of MET or EMPA treatment.",incidental,,,
101,"Background Moderate intensity exercise training (MIT) is safe and effective for patients with hypertrophic cardiomyopathy, yet the efficacy of high intensity training (HIT) remains unknown.",not_associated,,,
265,This historical prospective study included 33 patients.,incidental,,,
192,"Also, no difference is found in cross-sectional area in the long axis plane between types b, c and d.",not_associated,,,
269,"Currently, there is a lack of data regarding titin modulation in the SKM of HFpEF.",incidental,,,
255,"We investigated the natural history, outcomes of myectomy, and impact on survival of obstructive hypertrophic cardiomyopathy (HCM) in childhood.",incidental,,,
272,"Dilated cardiomyopathy data on 355,318 samples and hypertrophic cardiomyopathy data on 489,727 samples were obtained from a European population-based genome-wide association study (GWAS) meta-analysis.",incidental,,,
148,"There were no correlations between the results of programmed ventricular stimulation and those of Holter monitoring, exercise stress testing or late ventricular potential recording, but patients with inducible ventricular tachycardia or fibrillation had proportionally more syncopal episodes and greater than or equal to Grade III ventricular extrasystoles on Holter monitoring, but the difference was not statistically significant in this series.(ABSTRACT TRUNCATED AT 250 WORDS)",not_associated,,,
129,"However, in some cases the first symptom of this disease is a sudden cardiac death (SCD) and diagnosis remains unknown until post-mortem examination.",not_associated,,,
103,"There were no significant differences in blood pressure, ejection fraction, E/A, deceleration time, and pulse wave velocity between the E/e' >15 and E/e' ≤15 groups.",not_associated,,,
132,The cardiac phenotype and time of the day did not predict the mode of initiation.,not_associated,,,
167,"At baseline, there were no significant differences in contractile force between the three groups; however, kinetics were impaired in failing myocardium with significant slowing down of relaxation kinetics in FNI compared to NF myocardium.",not_associated,,,
133,There was no difference in FS between the two treatment arms.,not_associated,,,
7,The Apolipoprotein A-I concentrations significantly associated with ACM of CHF especially in HFmrEF and HFpEF.,associated,,,
106,"However, there was no significant difference in diastolic peak flow velocity between HC and normal subjects.",not_associated,,,
46,In this patient exercise ECG testing and 24‑hour ECG monitoring revealed exercise-induced ST depression in the angiographically confirmed absence of coronary atherosclerosis.,associated,,,
229,We aimed to describe the long-term impact of the ICD for primary prevention in patients with HCM based on stringent (high SCD risk) vs lenient indications (need for pacing/personal choice).,incidental,,,
61,"After multivariable adjustment, only a high provokable LVOT gradient remained an independent predictor of late CHB (OR per 10 mmHg gradient 1.14 [95% CI 1.02-1.29]).",associated,,,
187,"While the HCM group patients showed no significant differences in IVST and PWT from those in the HT-ASH group, they did have greater IVST and smaller PWT than HT-SH group patients.",not_associated,,,
105,Effect of percutaneous transluminal septal ablation (PTSA) with ethanol injection on electromechanical remodeling of left ventricule still remains unknown.,not_associated,,,
91,"In patients with heart failure with preserved ejection fraction, sacubitril/valsartan improved GCS but not GLS when compared with valsartan during a 36-week period.",associated,,,
224,This study investigated the risk of Af as a prognostic factor in long-term mortality and morbidity in Japanese patients with HCM at our institution.,incidental,,,
275,"The surgeon performed mock surgery, and we compared the volume and weight of the resected silicone and myocardium.",incidental,,,
183,"However, patients presented with palpitation did not show a significantly different cardiac phenotype and function.",not_associated,,,
92,"Age, body mass index, atrial fibrillation, triglyceride-glucose index, left ventricular ejection fraction, E/e, and angiotensin-converting enzyme inhibitors/angiotensin receptor blocker administration positively correlated with 1-year HF-related rehospitalization in patients with HFpEF.",associated,,,
251,We investigated the utility of stress perfusion cardiac MRI to detect microvascular dysfunction in children with hypertrophic cardiomyopathy.,incidental,,,
94,"However, the role of desmin mutations as a cause of various types of cardiomyopathy is still undetermined.",associated,,,
79,"Additionally, the ratio of septal to posterior wall thickness was significantly higher in patients with Q waves than in patients without Q waves (2.3 vs.",associated,,,
287,"METHODS: Dahl salt-sensitive (DSS) rats and control rats were fed a high-salt diet for 10 weeks and then acutely treated  RESULTS: High cardiomyocyte F CONCLUSION: Our data show that sGC activator improves cardiomyocyte function, reduces inflammation and oxidative stress, improves sGC-PKG signaling, and normalizes hypertrophic kinases, indicating that it is a potential treatment option for HFpEF patients and perhaps also for cases with increased hypertrophic signaling.",incidental,,,
33,"Hemodynamic data could not be obtained after the administration of captopril in one child with congestive cardiomyopathy because of an immediate, severe hypotensive response.",associated,,,
111,No significant difference in the QRS duration was found in the remaining 58 patients who had preexisting conduction abnormalities after intervention.,not_associated,,,
38,"Hypertrophic obstructive cardiomyopathy (HOCM) is a common inheritable cardiac disorder that can lead to symptoms of dyspnea, angina pectoris, and syncope.",associated,,,
268,"We enrolled a total of 141 HCM patients with sinus rhythm and normal pump function, and 102 patients (73 men; mean age, 61±13 years) who met inclusion criteria were followed for 30.8±10.0 months.",incidental,,,
253,METHODS: Consecutive patients who were diagnosis with HFpEF after discharge between January 2015 and April 2018 at the First Affiliated Hospital of Dalian Medical University and who had been treated with torsemide or furosemide were included in this study.,incidental,,,
208,This study sought to determine outcomes of pediatric RCM at a center that has favored medical management over early listing for HTx.,incidental,,,
10,"In the present study, whole-exome sequencing (WES) and Sanger sequencing validation was used to identify the genetic causes in patients with familial HCM.",associated,,,
204,A total of 108 HCM patients (mean age: 46.6 ± 13.6 years; male: 73) were enrolled in this retrospective study.,incidental,,,
299,"Between 2017 and 2018, a total of 46 HCM patients were enrolled (58 ± 14 years (31 males, 15 females)) with a mean 5 year SCD risk of 2.3% ± 1.3%.",incidental,,,
20,"Duration of regular daily alcohol, heavy daily alcohol, mean daily alcohol consumption, in particular consumption of wine were higher in patients with DCM.",associated,,,
29,"snRNA seq highlighted significant upregulation of a trans-nitrosylase, hemoglobin-beta subunit (HBb), which was corroborated in human HFpEF hearts  CONCLUSIONS:",associated,,,
198,There was no significant association between adiponectin and heart failure with preserved ejection fraction after adjusting for NT-proBNP.,not_associated,,,
144,"Using this revised method, the hypertrophic cardiomyopathy-causing mutation TnI Gly203Ser had no significant effect on Ca(2+)-sensitivity of force production, contrasting with our earlier report of decreased Ca(2+)-sensitivity which was likely caused by the unexpectedly harsh effect of vanadate.",not_associated,,,
286,"METHODS: We enrolled a total of 4,702 participants with HFpEF in this study.",incidental,,,
188,The development of AF is associated with a poor prognosis but there was no evidence that antiarrhythmic therapy prevents AF in the long term.,not_associated,,,
114,"Unlike in the management of heart failure with left ventricular systolic dysfunction, ACE inhibitors, ARBs, β-blockers, and aldosterone antagonists did not demonstrate mortality benefit in HFPEF, with the exception of one small study evaluating the use of propranolol.",not_associated,,,
260,In a retrospective analysis 139 patients with hypertrophic cardiomyopathy were followed up for 8.9 years (range 1 to 28 years).,incidental,,,
178,"In the dilated cardiomyopathy group, there was no relationship of QTc interval to age, shortening fraction, or left ventricular end diastolic dimension.",not_associated,,,
164,"There was no significant difference in CFVR PD between patients with HOCM and those with HCM (2.33 ± 0.46 vs 2.27 ± 0.50; P = .636), respectively.",not_associated,,,
212,Mortality data were obtained from the National Death Index.,incidental,,,
290,BACKGROUND: Pooling data from participants with heart failure with mildly reduced ejection fraction (HFmrEF) or heart failure with preserved ejection fraction (HFpEF) from all completed outcomes trials evaluating finerenone to date may enhance understanding of its safety and efficacy in this high-risk and heterogeneous population.,incidental,,,
1,"This study evaluates the roles of IGF1/IGFBP-1 axis in patients with HF with reduced ejection fraction (HFrEF), mid-range ejection fraction (HFmrEF), or preserved ejection fraction (HFpEF).",associated,,,
12,IGFBP-1/IGF-1 axis correlates with echocardiographic parameters of HFpEF patients and with several prognostic biomarkers including NT-proBNP and C reactive protein.,associated,,,
71,OBJECTIVE: To analyze the effects of Dapagliflozin on cardiac myocyte injury markers and left ventricular diastolic function in patients with heart failure with preserved ejection fraction (HF-PEF) after percutaneous coronary intervention (PCI).,associated,,,
109,"6 myectomy samples were identified with MYBPC3 mutations, one with MYH7 mutation and two remained unknown, but there was no correlation between MYBPC3 mutation and MyBP-C phosphorylation level.",not_associated,,,
179,"Radiofrequency catheter ablation (RFCA) has emerged as a therapeutic option for surgical myectomy and alcohol septal ablation (ASA) in patients with hypertrophic obstructive cardiomyopathy (HOCM), but its efficacy remains unclear.",not_associated,,,
24,"Fully adjusted hazard ratios (HRs) for overall HF, HFpEF, and HFrEF associated with a 1-SD increment were 0.85 (95% CI, 0.75-0.95), 0.78 (95% CI, 0.67-0.91), and 1.02 (95% CI, 0.81-1.28) for minutes per day total PA; 0.74 (95% CI, 0.63-0.88), 0.71 (95% CI, 0.57-0.88), and 0.83 (95% CI, 0.62-1.12) for steps per day; and 1.17 (95% CI, 1.04-1.33), 1.29 (95% CI, 1.10-1.51), and 0.94 (95% CI, 0.75-1.18) for minutes per day total sedentary.",associated,,,
14,"As T2D patients are at risk for heart failure with preserved ejection fraction (HFpEF), we propose that induction of concentric hypertrophy by elevated FGF21-FGFR4 signaling may constitute a novel mechanism promoting T2D-associated HFpEF such that FGFR4 blockade might serve as a cardio-protective therapy in T2D. In addition, potential adverse cardiac effects of FGF21 mimetics currently in clinical trials should be investigated.",associated,,,
65,"In multivariate analysis, markers of congestive heart failure were associated with adverse outcomes.",associated,,,
126,"No significant difference was observed in the incidence of appropriate ICD discharges between PP patients with 1, 2, or more RF.",not_associated,,,
214,BACKGROUND: The purpose of this study was to determine whether patients with heart failure and a preserved ejection fraction (HFpEF) have an increase in passive myocardial stiffness and the extent to which discovered changes depend on changes in extracellular matrix fibrillar collagen and cardiomyocyte titin.,incidental,,,
191,There was no significant difference in the use of beta blockers or the incidence of coronary artery disease.,not_associated,,,
163,"At postoperative follow-up (20 +/- 37 weeks), the maximal measured outflow tract gradient (22 +/- 21 mm Hg) showed no difference between patients with immediate surgical success and those requiring a second period of cardiopulmonary bypass for further resection.",not_associated,,,
176,"One or more Doppler indexes of diastolic function were abnormal in 70% of patients, but no difference in any of these indexes was found between those with and without VT.",not_associated,,,
237,"A group of 12 (age- and sex-matched) normotensives with the same inclusion criteria, as well as with negative exercise stress test, was also evaluated.",incidental,,,
88,"Peak systolic (PS)-global longitudinal SR (GLSR) was independently associated with MACEs (hazard ratio: 15.297, P < 0.001) after adjusting for conventional clinical characteristics, echocardiography, and CMR parameters.",associated,,,
54,"Tirzepatide (TZP), a dual GIP/GLP1-receptor agonist has shown promising results in the SUMMIT trial as improved cardiovascular outcomes in patients with heart failure with preserved ejection fraction (HFpEF).",associated,,,
155,"Nonetheless, randomised clinical trials have failed to demonstrate a prognostic benefit from neurohormonal modulation therapies in HFpEF, with the sole exception of patients with left ventricular ejection fraction in the lower range of normality, for whom the American guidelines suggest that such therapies may be considered.",not_associated,,,
207,BACKGROUND: Pulmonary hypertension due to heart failure with preserved ejection fraction (PH-HFpEF) is a highly heterogeneous disease associated with right ventricular (RV) failure and adverse outcomes.,incidental,,,
70,Hypertrophic cardiomyopathy (HCM) is a genetic disease associated with a risk of malignant ventricular tachyarrhythmias and sudden cardiac death (SCD).,associated,,,
40,"The change of CCV(HF) was correlated with exercise-induced increase in systolic blood pressure (rho=-0.64, P<0.001); HCM patients with abnormal blood pressure response were characterized by a higher percentage change in CCV(HF) (50.0+/-18.3%).",associated,,,
196,"TGF beta 1 m-RNA expression was markedly increased in BIO14.6 compared with F1 beta at the age of 4 weeks, and was more intensified at the age of 20 weeks, while no significant difference was demonstrated in the ATN m-RNA expression.",not_associated,,,
28,"During a follow up of 18 +/- 14 months (range 2 to 56), amiodarone was discontinued because of adverse effects in 8 patients (23%).(ABSTRACT TRUNCATED AT 250 WORDS)",associated,,,
262,We sought to assess whether isoproterenol stress echocardiography could detect in advance in which patients hypertrophic cardiomyopathy would progress to a phase resembling dilated cardiomyopathy.,incidental,,,
213,A total of 17 patients were recruited; 16 of whom met primary end points.,incidental,,,
257,"We aimed to characterize gender specific left ventricular hypertrophy using a novel, accurate and less time demanding cardiac magnetic resonance (CMR) quantification method to differentiate physiological hypertrophy and hypertrophic cardiomyopathy based on a large population of highly trained athletes and hypertrophic cardiomyopathy patients.",incidental,,,
27,"Recently, the implantable cardioverter-defibrillator (ICD) has been promoted for prevention of sudden death in hypertrophic cardiomyopathy (HCM).",associated,,,
170,"However, the mechanism of how MYH7 mutations leads to these features remains unclear, which inhibits the development of effective therapies.",not_associated,,,
298,"We aimed to study the clinical correlates and prognostic significance of plasma GDF15 in heart failure with preserved ejection fraction (HFpEF) vs. reduced ejection fraction(HFrEF), compared with N-terminal pro-brain natriuretic peptide (NT-proBNP), an indicator of haemodynamic wall stress.",incidental,,,
142,"However, we found no significant difference between patients and control subjects regarding TIMI frame counts for the left circumflex (LCx) coronary artery and the right coronary artery (RCA) (LCx: 28+/-6 vs.",not_associated,,,
171,"LAS at 25 Hz had a trend toward lower values in HCM patients, while LAS at 40 Hz and RMS40 showed no difference between controls and hypertrophic patients.",not_associated,,,
222,"A total of 124 patients with HCM and AF on an oral anticoagulant therapy were recruited between January 2015 and December 2019; these patients were followed up until March 31, 2020.",incidental,,,
279,This study aimed to identify key biomarkers and explore the molecular mechanisms underlying the functions of the PRGs in HCM.,incidental,,,
168,"The ECM proteoglycan lumican is increased during heart failure and cardiac fibrosis, including HCM, yet its role in HCM remains unknown.",not_associated,,,
157,"In contrast, there was no difference concerning neither appropriate nor inappropriate shock delivery between the two groups.",not_associated,,,
78,Broadening HFpEF rehabilitation research and care standards also constitutes a critical practice gap requiring alignment with projected epidemiologic shifts.,associated,,,
181,"Clopidogrel therapy did not show a significant effect on prothrombin time, activated partial thromboplastin time, antithrombin, D-dimers and fibrinogen concentrations.",not_associated,,,
140,"Although the pathogenesis of LVA remains unknown, but it has been suggested that apical aneurysm may be secondary to the increased after-load and high apical pressure arising from significant pressure gradient of the midventricular obstruction.",not_associated,,,
113,"No correlation was found between total 12-lead QRS voltage and heart weight, LV free wall thickness, LV peak systolic and end-diastolic pressures, or LV outflow tract peak systolic pressure gradient.",not_associated,,,
41,"However, VT was easier to induce with amiodarone or was induced only with amiodarone in 18 (51%) patients.",associated,,,
73,"The exercise capacity of HFpEF-Sed mice was significantly reduced, but prolonged voluntary running significantly reversed the expression of myocardial brain natriuretic peptide (BNP), TNF-α, and IL-6, α-myosin heavy chain (α-MHC), and β-MHC in HFpEF-Sed mice, along with myocardial fiber disorders accompanied by massive inflammatory cell infiltrates.",associated,,,
95,Cohort studies of adults (≥18 years) without prior HF reporting HRs for incident HFpEF-associated comorbidities.,associated,,,
63,CONCLUSION: Changes in GLS values could be useful for the long-term risk stratification of patients hospitalized for HFpEF and persistently preserved LVEF.,associated,,,
18,"Six bibliographic databases (Medline, Embase, Web of Science, Cumulative Index of Nursing and Allied Health Literature, Cochrane CENTRAL and China National Knowledge Infrastructure database) were searched to April 2024 for randomized controlled trials (RCTs), involving adults with HFpEF undertaking ExCR compared with no exercise control.",associated,,,
90,"To overcome this knowledge gap and develop targeted HFpEF therapies, animal models remain at the forefront of cutting-edge research studies.",associated,,,
230,"This study sought to determine whether biomarkers ST2, growth differentiation factor (GDF)-15, N-terminal pro-B-type natriuretic peptide (NT-proBNP), and high-sensitivity troponin I are elevated in patients infected with human immunodeficiency virus (HIV) and are associated with cardiovascular dysfunction and all-cause mortality.",incidental,,,
232,"The objective of this observational cohort study was to compare MPO levels between HFpEF and old controls, to define clinical characteristics associated with high levels of MPO and to assess the relation between MPO levels and vascular function.",incidental,,,
130,"There was no correlation between sinus bradycardia, sinus tachycardia, first degree AV block, atrial fibrillation, left bundle branch block, right bundle branch block, premature atrial complexes, premature ventricular complexes, supraventricular tachycardia, PR interval, QRS interval and SCD.",not_associated,,,
55,"Three-year event rate was markedly higher in patients with abnormal than in those with normal CFR (79% vs 17%, p <0.0001).",associated,,,
138,"More recently, an ankle-brachial index (ABI) measurement system equipped with simple phonocardiography has become widely used for diagnosing peripheral artery disease, however, whether this simple phonocardiography can be an alternative to conventional phonocardiography remains unclear.This retrospective study consisted of 48 patients with hypertrophic cardiomyopathy (HCM) and 107 controls.",not_associated,,,
223,The aim of the present study was to determine whether the risk of mortality associated with the concentration of soluble ST2 (sST2) differs in patients with acutely decompensated heart failure with preserved ejection fraction (HFpEF) compared to patients with systolic heart failure.,incidental,,,
266,We analyzed 10 probands with HCM associated with the cTnI gene K183del and their family members.,incidental,,,
241,One-hundred-fourty-five patients with HCM were enrolled.,incidental,,,
160,The majority of genes previously reported as causative of HCM and commonly included in diagnostic tests have limited or no evidence of disease association.,not_associated,,,
226,We analyzed the carotid artery blood flow waveform (CABFW) of an infant of a non-insulin dependent diabetic mother with hypertrophic cardiomyopathy (IDM cardiomyopathy) through multivariate autoregressive analysis and compared the developmental change of his CABFW with that of normal newborns.,incidental,,,
3,"Because of the patient's critical condition, everolimus therapy was started at age 24 weeks and continued until heart transplantation at age 36 weeks.",associated,,,
19,"The data in the current paper constitutes supplementary material to our article entitled ""Plasma tumour and metabolism related biomarkers AMBP, LPL and Glyoxalase I differentiate heart failure with preserved ejection fraction with pulmonary hypertension from pulmonary arterial hypertension"" Ahmed et al. (2021).",associated,,,
193,There was no difference in MCE between cats with HCM and healthy cats.,not_associated,,,
234,"Within the test set, we compared the area under the receiver operating characteristic curves (AUROCs) for the ML models against the AUROCs generated by the Toronto HCM Genotype Score (the Toronto score) and Mayo HCM Genotype Predictor (the Mayo score) using the Delong test and net reclassification improvement.",incidental,,,
118,No significant differences were observed in low ABI defined as < 0.9.Simple phonocardiography equipped with the ABI measurement system may be an alternative to conventional phonocardiography for the detection of S4 in patients with HCM when the phonocardiographic microphone is moved from the sternum to the apex.,not_associated,,,
77,Left ventricular outflow gradient is associated with increased morbidity and mortality in hypertrophic cardiomyopathy.,associated,,,
166,The significance of these findings remains to be determined by future studies.,not_associated,,,
236,"Between May 2000 and June 2017, we treated 952 consecutive HOCM patients with PTSMA; 133 (14.0%) patients were <40 years of age (Group A; mean age 30.3 ± 7.6; 26.3% female), 422 (44.3%) patients were between ≥40 and <60 years of age (Group B; mean age 50.6 ± 5.8; 27.0% female), and 397 (41.7%) patients were ≥60 years of age (Group C; 69.7 ± 6.1; 60.2% female).",incidental,,,
34,The mutation described here appears to confer a higher risk than that previously associated with hypertrophic cardiomyopathy due to MYBPC3 gene mutation.,associated,,,
102,"Plasma concentration of 17 biomarkers (matrix metalloproteinase [MMP]-1, -2, -3, -7, -8, and -9; tissue inhibitors -1, -2, -3, and -4; N-terminal propeptide of brain natriuretic peptide (NT-proBNP); cardiotrophin; osteopontin; soluble receptor for advanced glycation end products; collagen I teleopeptide; collagen I NT-proBNP; and collagen III N-terminal propetide [PIIINP]), an echocardiogram, and 6-minute hall walk were performed on 241 referent control subjects, 144 patients with LVH but no evidence of heart failure, and 61 patients with LVH and diastolic heart failure (DHF).",not_associated,,,
68,"A maximal treadmill exercise test was terminated early owing to marked downsloping of the ST-T segment on all precordial leads, associated with mild chest discomfort.",associated,,,
62,Sodium-glucose cotransporter-2 inhibitors (SGLT2i) and the nonsteroidal mineralocorticoid receptor antagonist (nsMRA) finerenone have each been shown to individually improve heart failure events among patients with heart failure and mildly reduced or preserved ejection fraction (HFmrEF/HFpEF).,associated,,,
239,This study describes the natural history and outcomes of children with thin-filament-associated HCM and compares it to thick-filament-associated disease.Longitudinal data were collected from 40 children under 18 years with a disease-causing variant in a thin-filament protein from a single quaternary referral centre.,incidental,,,
184,"Higher levels of serum alkaline phosphatase (ALP) as a novel risk factor was recently found associated with mortality in different population, whereas, the relationship remains unknown in hypertrophic cardiomyopathy (HCM) population.",not_associated,,,
172,MRA use was not associated with a prognostic benefit in HFpEF (p>0.,not_associated,,,
53,Exercise-induced ischemia was also independently associated with SCD events.,associated,,,
67,"The left ventricular (LV) posterior wall thickness (PWT) is a predictor of sudden cardiac death in pediatric patients with hypertrophic cardiomyopathy (HCM), but the prognostic importance of PWT in adults has not been examined.",associated,,,
263,"We studied 50 patients (mean age 52 years, 72% men) with HCM at low or intermediate risk for sudden cardiac death (SCD), of whom 25 patients received an ICM between November 2014 and February 2019.",incidental,,,
134,"There was a significant increase in collagen type I density with higher NYHA class, whereas no significant association was found for total collagen area fraction.",not_associated,,,
145,The effect of ASA on ventricular arrhythmia risk is not well established.,not_associated,,,
150,"Though several studies reported the role of fibrosis in cardiac diseases, their pathologic mechanisms leading to heart failure remains unclear.",not_associated,,,
169,"Despite its anatomic location, there was no evidence that the aberrant papillary muscle was contributing to the mitral regurgitation or causing left ventricular outflow tract (LVOT) obstruction.",not_associated,,,
108,There was no correlation between elevation angle of spatial R max and left ventricle systolic pressure or transvalvar aortic gradient.,not_associated,,,
21,"Myocardial lumican concentration correlated with the left atrial area (ρ=0.34, P=0.015), late gadolinium enhancement on cardiac magnetic resonance imaging ( P=0.03) and the presence of a pathogenic sarcomere mutation ( P=0.04).",associated,,,
159,There were no differences in the whole cohort between genotype-positive and genotype-negative patients.,not_associated,,,
11,Myocardial fibrosis plays a key role in the pathogenesis of cardiovascular diseases.,associated,,,
153,Kaplan-Meier analysis based on the crude cohort or PSM cohort revealed no significant difference regarding the HCM-related death between the two groups.,not_associated,,,
149,"Notably, there was no difference in preoperative resting left ventricular outflow tract pressure gradient between patients with SDB and those with normal overnight oximetry (55 (interquartile range: 25 to 86) mm Hg versus 52 (interquartile range: 21 to 85) mm Hg; P=.29).",not_associated,,,
64,"In particular, combination therapies based on the use of an angiotensin-converting enzyme (ACE) inhibitor plus a beta-blocker (BB) have demonstrated to be effective in lowering BP and heart rate, promoting reverse cardiac and vascular remodelling, and reducing CV morbidity and mortality in patients with hypertension and chronic CAD, cardiac arrhythmias, or HFpEF.",associated,,,
146,"We found no difference in the immunosuppressive regimen, history of rejection, and reason for transplant.",not_associated,,,
228,"Multivariable-adjusted Cox proportional hazards models were used to calculate HRs and 95% CIs for the association between PPC levels and incident HF, HFpEF, or HFrEF.",incidental,,,
242,METHODS AND RESULTS: The CONUT score and GNRI were serially analyzed in this post hoc analysis of the PARAGON-HF (Prospective Comparison of Angiotensin Receptor-Neprilysin Inhibitor With Angiotensin-Receptor Blockers Global Outcomes in Heart Failure With Preserved Ejection Fraction) trial.,incidental,,,
284,We aimed to investigate effects of sac/val compared with valsartan in a pressure overload model of heart failure with preserved ejection fraction (HFpEF).,incidental,,,
104,"No difference during the median follow-up of 1.3 years between the 2 groups was noted in terms of mortality (adjusted incidence rate ratio 0.687, 95% confidence interval 0.361 to 1.309, p = 0.25).",not_associated,,,
121,There were no differences in symptom relief and left ventricular (LV) gradient reduction.,not_associated,,,
35,"The exercise-induced dyspnoea observed in these 3 cases was unexplained by right and left cardiac catheterization results (normal pressures, normal or increased cardiac index).",associated,,,
36,"On the logistic regression model, ASMI (OR 0.9, 95%CI 0.85-0.95, p = 0.0004), Alb-dNLR (OR 1.04, 95%CI 1.04-16.4, p = 0.04) and HFpEF and T2DM were significantly associated with the lowest PhA. CONCLUSIONS: Identifying high-risk individuals living with obesity is a priority.",associated,,,
96,"However, MKK3bE-expressing hearts had increased end-systolic chamber volumes and a thinned ventricular wall, associated with heterogeneous myocyte atrophy, whereas MKK6bE hearts had reduced end-diastolic ventricular cavity size, a modest increase in myocyte size, and no significant myocyte atrophy.",associated,,,
42,"In contrast, few studies have focused on RT in patients with HF with preserved ejection fraction (HFpEF) or VHD.",associated,,,
261,"This study evaluated the prevalence, clinical characteristics and outcomes of apical aneurysm in Chinese patients with hypertrophic cardiomyopathy.",incidental,,,
267,"In the late stages, HFpEF carries a prognosis that is as bad as or worse than that of HFrEF.",incidental,,,
81,The aim of this study was to identify the genetic causes of patients with hypertrophic cardiomyopathy (HCM) within a family.,associated,,,
258,OBJECTIVE: To determine the therapeutic potential of upregulating compliant titin isoforms in an HFpEF-like state in the mouse.,incidental,,,
245,"BACKGROUND: Despite the increasing prevalence of heart failure with preserved ejection fraction (HFpEF) in humans, there remains no evidence-based therapies for HFpEF.",incidental,,,
295,We aimed to investigate the pathophysiological correlates and prognostic implications of fQRS in patients with heart failure with preserved ejection fraction (HFpEF).,incidental,,,
270,"In this retrospective study, 100 CA (58.5 ± 10.7 years; 41 (41%) females) and 217 HCM (50.7 ± 14.8 years, 101 (46.5%) females) patients who underwent CMR scans were included.",incidental,,,
161,There was no significant difference between R-wave amplitude at rest (2 ± 0.77 mV) and peak exercise (1.88 ± 0.94 mV; P = .36).,not_associated,,,
32,Hypertrophic obstructive cardiomyopathy was found to cause an illusion of aortic stenosis on imaging.,associated,,,
30,"Furthermore, we noted the activation of several signaling proteins that impact cardiac fibrosis and remodeling, including transforming growth factor-β/SMAD family members 2/3, type I/III/V collagens, phosphatidylinositol 3-kinase, extracellular signal-regulated kinase, matrix metalloproteinases 2 and 9, tissue inhibitor of metalloproteinases 1 and 2, interleukins 6 and 1β, and inhibitor of κBα/nuclear factor-κB. Our findings demonstrate that this chronic pressure overload-induced porcine HFpEF model is a powerful tool to elucidate the mechanisms of this disease and translate preclinical findings.",associated,,,
112,"CONCLUSIONS: After adjustment for confounding factors, a single measurement of plasma calcidiol, calcitriol, or PTH was not associated with risk of developing HF.",not_associated,,,
152,"In patients with HCM, there was no significant correlation between the presence of LVH by voltage criteria in ECG and echocardiographic findings.",not_associated,,,
98,"Knockout mice lacking the cardiac-type Jph2 die of embryonic cardiac arrest, and the mutant cardiac myocytes exhibit impaired formation of peripheral couplings and arrhythmic Ca2+ signaling caused by functional uncoupling between dihydropyridine and ryanodine receptor channels.",associated,,,
80,Included were all RCTs that compared the effect of exercise training on CO in patients with HFpEF and were published before 11 April 2024.,associated,,,
250,We evaluated associations between eGFR categories and echocardiographic findings specific to cardiac structure and diastolic function.,incidental,,,
217,"We evaluated retrospectively LGE CMR of 76 consecutive HCM patients, of which 43 presented with one or more risk factors for sudden cardiac death (SCD) and were therefore clinically classified as high-risk patients.",incidental,,,
147,"During follow-up, no difference was identified in outcome measures consisting of all-cause death, cardiac transplantation, and implantable cardioverter-defibrillator intervention.",not_associated,,,
233,"Between August 2015 and June 2017, we evaluated 15 patients, 9 males, and 6 females, (mean age 65.5 years).",incidental,,,
136,No difference in Ca(2+) sensitivity was observed if TnI was exchanged into HOCM heart troponin or if TnT was exchanged into the highly phosphorylated donor heart troponin.,not_associated,,,
200,"However, no significant correlation was noted between mortality and age, type of HCM (familial/nonfamilial and obstructive/nonobstructive), ACE gene polymorphism, and plasma ACE level.",not_associated,,,
2,"CONCLUSIONS: Higher T1 values but not T2 values , were associated with the HFpEF group compared to the age and sex-matched control group.",associated,,,
195,"In contrast, attempts to rescue V2 morphants only restored the ventricular myocardial wall hypertrophy phenotype but had no significant effect on impaired heart rate, suggesting a potential V2 impact on the cardiac structure.",not_associated,,,
85,Hypertrophic cardiomyopathy (HCM) is primarily caused by mutations in β-cardiac myosin and myosin-binding protein-C (MyBP-C).,associated,,,
31,The benefit from training was associated with a lower exercise capacity at baseline and was most pronounced in those capable of less than 6.8 METs (p=0.008).,associated,,,
206,"The aim of this retrospective study was to compare survival and prognostic factors in cats affected by HCM, RCM or secondary CM referred to our institution over a 10 year period.",incidental,,,
110,Postnatal echocardiographic examination in 27 babies did not show false positivity.,not_associated,,,
247,BACKGROUND: The study aims to evaluate the efficacy of a web-based dynamic nomogram predicting the risk of heart failure (HF)-related rehospitalization within 1 year in patients with HF with preserved ejection fraction (HFpEF).,incidental,,,
249,"this was an observational, longitudinal study, including 21 patients with SOHC with functional class of the New York Heart Association (CF-NYHA) refractory to treatment and/or = 30 mm Hg gradient at rest or = 60 mm Hg provoked, or have systolic anterior motion or mitral incompetence (MI) > grade II by echocardiography.",incidental,,,
209,We examined a patient and her older brother who both presented with complicated severe hypertrophic cardiomyopathy (HCM) and whose parents are healthy married cousins.,incidental,,,
86,MRI diagnosed hemopericardium correctly as the cause of constrictive symptoms in two patients.,associated,,,
122,There was no significant difference of b-ERK expression between SHR and age-matched WKY rats.,not_associated,,,
48,"In HFpEF, despite a larger brown AT mass (5.96 versus 4.50 mg/g), brown AT showed reduced activity with decreased uncoupling protein 1 (ucp-1), cell death-inducing DFFA-like effector a (cidea), and epithelial V-like antigen (eva) expression and decreased expression of lipolytic enzymes (hormone-sensitive lipase, lipoprotein lipase, and fatty acid binding protein 4) versus sham.",associated,,,
8,Increased IBS is associated with presence of ventricular arrhythmias.,associated,,,
277,BACKGROUND: Insulin resistance (IR) plays a pivotal role in the interplay between metabolic disorders and heart failure with preserved ejection fraction (HFpEF).,incidental,,,
26,"Based on these observations, we hypothesized that mutations of JPH2 could cause human genetic cardiac diseases.",associated,,,
51,"Oral trigonelline supplementation alleviates metabolic syndromes, including obesity, insulin resistance, and hepatic injury, leading to improved cardiac function in HFpEF mice.",associated,,,
282,"Between April and December 2019, 30 patients (23 men; median age, 48.5; interquartile range [IQR], 36.5-61.3) with HCM were prospectively enrolled.",incidental,,,
227,"We compared the myocardial lesions caused by the long-term inhibition of nitric oxide (NO) biosynthesis with those associated with renovascular hypertension (two-kidney, one-clip model [2K-1C]) and superimposed streptozotocin-induced diabetes mellitus (DM).",incidental,,,
39,"In 13 women, including eight reference controls and five women with CMD and evidence of subclinical HFpEF (left ventricular end-diastolic pressure >12 mmHg), we measured myocardial triglyceride content (TG) and diastolic function, by proton magnetic resonance spectroscopy and magnetic resonance tissue tagging, respectively.",associated,,,
128,The patient's lymphocytes did not demonstrate a cytotoxic effect either alone or in the presence of the autologous serum.,not_associated,,,
